代號,公司,資本額(億)
1101,台泥,546.56
1102,亞泥,336.14
1103,嘉泥,77.48
1104,環泥,65.36
1108,幸福,40.47
1109,信大,34.2
1110,東泥,57.2
1201,味全,50.61
1203,味王,24.0
1210,大成,82.73
1213,大飲,5.66
1215,卜蜂,26.8
1216,統一,568.2
1217,愛之味,49.45
1218,泰山,50.0
1219,福壽,32.2
1220,台榮,17.71
1225,福懋油,21.87
1227,佳格,91.51
1229,聯華,110.47
1231,聯華食,17.46
1232,大統益,16.0
1233,天仁,9.06
1234,黑松,40.19
1235,興泰,8.8
1236,宏亞,10.83
1240,茂生農經,3.4
1256,鮮活-KY,3.38
1258,其祥-KY,3.68
1259,安心,3.24
1264,德麥,3.37
1268,漢來美食,3.76
1301,台塑,636.57
1303,南亞,793.08
1304,台聚,118.88
1305,華夏,52.7
1307,三芳,39.78
1308,亞聚,55.44
1309,台達化,33.42
1310,台苯,52.79
1312,國喬,90.66
1313,聯成化,133.23
1314,中石化,283.49
1315,達新,19.8
1316,上曜,17.95
1319,東陽,59.15
1321,大洋,22.72
1323,永裕,9.13
1324,地球,7.51
1325,恆大,8.53
1326,台化,586.12
1333,恩得利,7.45
1336,台翰,8.51
1337,再生-KY,26.9
1338,廣華-KY,8.38
1339,昭輝,7.41
1340,勝悅-KY,15.29
1341,富林-KY,4.94
1402,遠東新,535.29
1409,新纖,161.84
1410,南染,7.2
1413,宏洲,10.21
1414,東和紡,22.0
1416,廣豐,18.53
1417,嘉裕,27.09
1418,東華,4.68
1419,新光紡,30.0
1423,利華,13.84
1432,大魯閣,16.79
1434,福懋興,168.47
1435,中福,13.98
1436,福益,9.56
1437,勤益,20.34
1438,裕豐,10.24
1439,中和,9.2
1440,南紡,165.68
1441,大東,10.08
1442,名軒,30.21
1443,立益,13.53
1444,力麗,95.73
1445,大宇,13.27
1446,宏和,13.77
1447,力鵬,91.45
1449,佳和,12.0
1451,年興,19.8
1452,宏益纖,13.26
1453,大將,9.86
1454,台富,13.43
1455,集盛,61.18
1456,怡華,9.37
1457,宜進實,30.16
1459,聯發,35.86
1460,宏遠興,50.98
1463,強盛,17.33
1464,得力,38.46
1465,偉全,10.36
1466,聚隆,11.12
1467,南緯,16.82
1468,昶和纖,16.04
1470,大統新創,8.58
1471,首利,14.54
1472,三洋紡,4.57
1473,台南,14.72
1474,弘裕,12.99
1475,本盟,1.6
1476,儒鴻,27.44
1477,聚陽,21.99
1503,士電,52.1
1504,東元,196.77
1506,正道,12.29
1507,永大,41.08
1512,瑞利,18.18
1513,中興電,42.0
1514,亞力,20.71
1515,力山,18.15
1516,川飛,3.34
1517,利奇,22.78
1519,華城,26.11
1521,大億,7.62
1522,堤維西,31.29
1524,耿鼎,17.97
1525,江申,7.34
1526,日馳,6.0
1527,鑽全,13.8
1528,恩德,19.93
1529,樂士,9.6
1530,亞崴,9.66
1531,高林股,18.5
1532,勤美,38.53
1533,車王電,9.85
1535,中宇,12.37
1536,和大,25.5
1537,廣隆,8.18
1538,正峰新,5.61
1539,巨庭,6.54
1540,喬福,8.55
1541,錩泰,7.88
1558,伸興,6.05
1560,中砂,14.1
1565,精華,5.04
1568,倉佑,10.31
1569,濱川,11.27
1570,力肯,5.15
1580,新麥,5.02
1582,信錦,12.37
1583,程泰,11.04
1584,精剛,8.25
1586,和勤,8.02
1587,吉茂,6.74
1589,永冠-KY,10.56
1590,亞德客-KY,18.9
1591,駿吉-KY,3.32
1592,英瑞-KY,11.1
1593,祺驊,3.19
1595,川寶,4.71
1597,直得,8.12
1598,岱宇,9.61
1599,宏佳騰,7.38
1604,聲寶,38.72
1605,華新麗華,332.6
1608,華榮,63.28
1609,大亞,59.51
1611,中電,39.84
1612,宏泰,31.61
1614,三洋電,26.91
1615,大山,11.19
1616,億泰,19.41
1617,榮星,14.42
1618,合機,24.09
1626,艾美特-KY,12.28
1701,中化,29.81
1702,南僑,29.41
1707,葡萄王,13.63
1708,東鹼,21.15
1709,和益,50.21
1710,東聯,88.57
1711,永光,54.78
1712,興農,42.05
1713,國化,15.1
1714,和桐,101.68
1717,長興,124.03
1718,中纖,162.14
1720,生達,17.87
1721,三晃,21.73
1722,台肥,98.0
1723,中碳,23.69
1724,台硝,12.78
1725,元禎,18.18
1726,永記,16.2
1727,中華化,11.03
1730,花仙子,6.32
1731,美吾華,13.29
1732,毛寶,4.24
1733,五鼎,10.0
1734,杏輝,16.77
1735,日勝化,9.94
1736,喬山,30.36
1737,台鹽,20.0
1742,台蠟,5.51
1752,南光,10.1
1760,寶齡,7.67
1762,中化合成,7.76
1773,勝一,15.0
1776,展宇,6.96
1777,生泰,3.01
1781,合世,4.74
1783,和康生,6.95
1784,訊聯,4.96
1785,光洋科,43.84
1786,科妍,5.81
1787,福盈科,6.79
1788,杏昌,3.6
1789,神隆,79.07
1795,美時化,24.31
1796,金穎生技,2.79
1799,易威,10.88
1802,台玻,290.81
1805,寶徠,8.03
1806,冠軍,43.38
1808,潤隆,30.83
1809,中釉,16.7
1810,和成,36.99
1813,寶利徠,4.66
1815,富喬,43.29
1817,凱撒衛,7.26
1902,台紙,40.2
1903,士紙,26.0
1904,正隆,110.83
1905,華紙,110.28
1906,寶隆,15.1
1907,永豐餘,166.04
1909,榮成,116.77
2002,中鋼,1573.49
2006,東和鋼,100.41
2007,燁興,53.07
2008,高興昌,20.09
2009,第一銅,35.96
2010,春源,64.77
2012,春雨,28.78
2013,中鋼構,20.0
2014,中鴻,143.55
2015,豐興鋼,58.16
2017,官田鋼,34.19
2020,美亞鋼,22.25
2022,聚亨,47.98
2023,燁輝,191.33
2024,志聯,9.75
2025,千興,28.12
2027,大成鋼,123.38
2028,威致,32.57
2029,盛餘,32.12
2030,彰源,28.65
2031,新光鋼,31.07
2032,新鋼,13.05
2033,佳大,8.07
2034,允強,40.71
2035,唐榮,35.0
2038,海光,18.13
2049,上銀科,30.96
2059,川湖,9.53
2061,風青,5.87
2062,橋椿,16.3
2063,世鎧,4.5
2064,晉椿,7.0
2065,世豐,3.27
2066,世德,3.65
2067,嘉鋼,4.51
2069,運錩,15.64
2070,精湛,3.68
2101,南港,83.39
2102,泰豐,47.33
2103,台橡,82.57
2104,中橡,98.47
2105,正新,324.14
2106,建大,87.44
2107,厚生,35.0
2108,南帝,49.24
2109,華豐,33.23
2114,鑫永銓,7.09
2115,六暉-KY,8.61
2201,裕隆,157.29
2204,中華,55.36
2206,三陽,85.36
2207,和泰車,54.62
2208,台船,47.3
2221,大甲,4.23
2227,裕日車,30.0
2228,劍麟,7.58
2230,泰茂,3.99
2231,為升,12.28
2233,宇隆,6.03
2235,謚源,3.59
2236,百達-KY,4.48
2239,英利-KY,11.8
2243,宏旭-KY,4.37
2301,光寶科,235.09
2302,麗正,16.63
2303,聯電,1172.43
2305,全友,20.57
2308,台達電,259.75
2312,金寶,145.21
2313,華通,119.18
2314,台揚,22.8
2316,楠梓電,20.3
2317,鴻海,1386.3
2321,東訊,14.87
2323,中環,115.89
2324,仁寶,440.71
2327,國巨,42.8
2328,廣宇,51.83
2329,華泰電,55.23
2330,台積電,2593.04
2331,精英,55.74
2332,友訊,65.2
2337,旺宏,184.0
2338,光罩,25.27
2340,光磊,37.86
2342,茂矽,15.63
2344,華邦電,398.0
2345,智邦,55.79
2347,聯強,166.79
2348,海悅,8.56
2349,錸德,128.42
2351,順德,18.21
2352,佳世達,196.68
2353,宏碁,307.49
2354,鴻準,141.45
2355,敬鵬,39.75
2356,英業達,358.75
2357,華碩,74.28
2358,廷鑫,7.96
2359,所羅門,17.15
2360,致茂,41.91
2362,藍天,66.98
2363,矽統,55.41
2364,倫飛,9.39
2365,昆盈,23.45
2367,燿華,61.94
2368,金像,54.65
2369,菱生,38.01
2371,大同,233.95
2373,震旦行,23.62
2374,佳能,28.24
2375,智寶,19.41
2376,技嘉,63.57
2377,微星,84.49
2379,瑞昱,50.81
2380,虹光,16.24
2382,廣達,386.26
2383,台光電,31.97
2385,群光,73.45
2387,精元,19.63
2388,威盛,49.33
2390,云辰,21.4
2392,正崴,51.23
2393,億光,44.31
2395,研華,69.91
2397,友通,11.47
2399,映泰,17.81
2401,凌陽,59.2
2402,毅嘉,30.75
2404,漢唐,19.06
2405,浩鑫,34.34
2406,國碩,33.91
2408,南亞科,307.26
2409,友達,962.42
2412,中華電,775.74
2413,環科,12.74
2414,精技,16.17
2415,錩新,8.0
2417,圓剛,19.29
2419,仲琦,22.9
2420,新巨,15.26
2421,建準,25.09
2423,固緯,14.5
2424,隴華,3.0
2425,承啟,10.15
2426,鼎元,30.06
2427,三商電,18.43
2428,興勤,12.81
2429,銘旺科,2.7
2430,燦坤,16.65
2431,聯昌,11.09
2433,互盛電,14.45
2434,統懋,7.06
2436,偉詮,17.8
2438,翔耀,9.52
2439,美律,20.66
2440,太空梭,13.91
2441,超豐,56.88
2442,新美齊,26.36
2443,新利虹,14.57
2444,友旺,10.56
2448,晶電,108.87
2449,京元電,122.27
2450,神腦,25.83
2451,創見,43.08
2453,凌群,10.0
2454,聯發科,158.97
2455,全新,18.49
2456,奇力新,24.37
2457,飛宏,33.77
2458,義隆電,30.39
2459,敦吉,10.59
2460,建通,16.92
2461,光群雷,15.93
2462,良得,11.45
2464,盟立,19.55
2465,麗台,5.36
2466,冠西電,15.63
2467,志聖,14.92
2468,華經,7.0
2471,資通,4.73
2472,立隆,12.92
2474,可成,77.04
2476,鉅祥,18.5
2477,美隆電,19.82
2478,大毅,14.53
2480,敦陽科,10.64
2481,強茂,33.28
2482,連宇,6.21
2483,百容,11.06
2484,希華,15.94
2485,兆赫,31.77
2486,一詮,20.2
2488,漢平,8.0
2489,瑞軒,80.94
2491,吉祥全,6.2
2492,華新科,48.58
2493,揚博,11.44
2495,普安,27.64
2496,卓越,1.75
2497,怡利電,11.88
2498,宏達電,81.88
2499,東貝,37.35
2501,國建,115.96
2504,國產,138.5
2505,國揚,69.66
2506,太設,38.7
2509,全坤興,20.41
2511,太子,162.33
2514,龍邦,50.59
2515,中工,153.09
2516,新建,22.63
2520,冠德,50.38
2524,京城,38.48
2527,宏璟,27.03
2528,皇普,18.21
2530,華建,27.08
2534,宏盛,74.1
2535,達欣工,29.61
2536,宏普,33.28
2537,聯上發,30.06
2538,基泰,43.84
2539,櫻花建,46.13
2540,金尚昌,14.66
2542,興富發,116.66
2543,皇昌,24.2
2545,皇翔,32.77
2546,根基,10.6
2547,日勝生,91.23
2548,華固,27.68
2596,綠意,10.0
2597,潤弘,13.5
2601,益航,63.09
2603,長榮海,451.3
2605,新興,58.54
2606,裕民,84.51
2607,榮運,106.71
2608,大榮,46.7
2609,陽明,206.53
2610,華航,542.1
2611,志信,17.6
2612,中航,19.75
2613,中櫃,14.84
2614,東森,55.68
2615,萬海,221.83
2616,山隆,13.73
2617,台航,41.73
2618,長榮航,485.36
2630,亞航,12.01
2633,高鐵,262.83
2634,漢翔,94.19
2636,台驊,11.72
2637,慧洋-KY,68.07
2640,大車隊,5.38
2641,正德,15.11
2642,宅配通,9.55
2643,捷迅,2.62
2701,萬企,45.0
2702,華園,11.05
2704,國賓,36.69
2705,六福,33.92
2706,第一店,50.0
2707,晶華,12.74
2712,悅來,10.5
2718,晶悅,4.26
2719,燦星旅,1.83
2722,夏都,11.15
2723,美食-KY,18.0
2724,富驛-KY,6.82
2726,雅茗-KY,3.49
2727,王品,7.7
2729,瓦城,2.33
2731,雄獅,7.0
2732,六角,4.01
2734,易飛網,3.03
2736,高野,4.9
2739,寒舍,11.15
2740,天蔥,1.79
2745,五福,2.93
2748,雲品,6.56
2752,豆府,2.14
2801,彰銀,998.53
2809,京城銀,114.12
2812,台中銀,370.88
2816,旺旺保,21.3
2820,華票,134.3
2823,中壽,446.36
2832,台產,36.22
2834,台企銀,671.36
2836,高雄銀,108.09
2838,聯邦銀,288.45
2841,台開,76.09
2845,遠東銀,335.58
2849,安泰銀,150.32
2850,新產,31.6
2851,中再保,59.04
2852,第一產,30.12
2855,統一證,137.24
2867,三商壽,237.2
2880,華南金,1217.27
2881,富邦金,1023.36
2882,國泰金,1316.92
2883,開發金,1496.6
2884,玉山金,1161.95
2885,元大金,1168.62
2886,兆豐金,1359.98
2887,台新金,1065.61
2888,新光金,1260.04
2889,國票金,284.81
2890,永豐金,1127.11
2891,中信金,1949.7
2892,第一金,1197.69
2897,王道銀行,241.3
2901,欣欣,7.3
2903,遠東百,141.69
2904,匯僑,6.9
2905,三商行,82.67
2906,高林,20.91
2908,特力,50.99
2910,統領,20.87
2911,麗嬰房,19.63
2912,統一超,103.96
2913,農林,70.68
2915,潤泰全,56.49
2916,滿心,5.46
2923,鼎固-KY,174.03
2924,東凌-KY,3.28
2926,誠生,4.74
2928,紅馬-KY,4.73
2929,淘帝-KY,8.26
2936,客思達-KY,7.66
2937,集雅社,3.29
2939,凱羿-KY,4.72
3002,歐格,10.2
3003,健和興,15.57
3004,豐達,5.26
3005,神基,57.95
3006,晶豪科,28.58
3008,大立光,13.41
3010,華立,23.14
3011,今皓,11.27
3013,晟銘,16.29
3014,聯陽,16.11
3015,全漢,19.23
3016,嘉晶,27.44
3017,奇鋐,35.33
3018,同開,7.35
3019,亞光,28.11
3021,衛展,9.58
3022,威強電,17.73
3023,信邦,22.93
3024,憶聲,27.72
3025,星通,7.09
3026,禾伸堂,15.8
3027,盛達,9.89
3028,增你強,21.38
3029,零壹,12.4
3030,德律,23.62
3031,佰鴻,18.67
3032,偉訓,10.33
3033,威健,36.78
3034,聯詠,60.85
3035,智原,24.86
3036,文曄,59.03
3037,欣興,150.47
3038,全台,16.24
3040,遠見,6.3
3042,晶技,30.98
3043,科風,19.49
3044,健鼎,52.56
3045,台灣大,346.8
3046,建碁,3.49
3047,訊舟,18.65
3048,益登,22.26
3049,和鑫,80.69
3050,鈺德,14.6
3051,力特,26.72
3052,夆典,22.87
3054,立萬利,8.85
3055,蔚華科,10.24
3056,總太,20.92
3057,喬鼎,16.14
3058,立德,16.49
3059,華晶,27.55
3060,銘異,13.94
3062,建漢,32.86
3064,泰偉,8.41
3066,李洲,8.31
3067,全域,2.9
3071,協禧,11.0
3073,普格,4.65
3078,僑威,22.74
3081,聯亞,9.1
3083,網龍,8.57
3085,久大,11.81
3086,華義,6.12
3088,艾訊,7.97
3089,元炬,6.01
3090,日電貿,17.87
3092,鴻碩,7.46
3093,港建,3.63
3094,聯傑,8.47
3095,及成,10.93
3105,穩懋,42.41
3114,好德,5.6
3115,寶島,4.37
3118,進階,3.25
3122,笙泉,3.93
3128,昇銳,4.2
3130,一零四,3.32
3131,弘塑,2.92
3141,晶宏,6.39
3144,新揚科,10.06
3147,大綜,3.4
3149,正達,18.76
3152,璟德,6.9
3162,精確,12.65
3163,波若威,7.53
3164,景岳,8.89
3167,大量,8.01
3169,亞信,5.44
3171,新洲,5.92
3176,基亞,13.87
3178,公準,4.51
3188,安茂微,9.03
3189,景碩,45.12
3191,和進,5.72
3202,樺晟,11.58
3205,佰研,3.28
3206,志豐,5.39
3207,耀勝,4.38
3209,全科,17.29
3211,順達,14.75
3213,茂訊,5.87
3217,優群,8.21
3218,大學光,7.61
3219,倚強,1.48
3221,台嘉碩,10.23
3224,三顧,5.8
3226,至寶電,6.44
3227,原相,13.71
3228,金麗科,6.78
3229,晟鈦,6.06
3230,錦明,10.77
3231,緯創,284.06
3232,昱捷,3.66
3234,光環,7.6
3236,千如,9.29
3252,海灣科,5.02
3257,虹冠電,6.94
3259,鑫創,8.09
3260,威剛,21.97
3264,欣銓,49.03
3265,台星科,13.63
3266,昇陽,35.23
3268,海德威,3.34
3272,東碩,5.23
3276,宇環,6.97
3284,太普高,5.6
3285,微端,4.41
3287,廣寰科,4.4
3288,點晶,2.27
3289,宜特,9.36
3290,東浦,9.95
3293,鈊象,7.04
3294,英濟,13.2
3296,勝德,9.82
3297,杭特,3.68
3303,岱稜,9.61
3305,昇貿,11.96
3306,鼎天,5.06
3308,聯德,9.86
3310,佳穎,5.02
3311,閎暉,6.0
3312,弘憶股,11.8
3313,斐成,8.38
3317,尼克森,6.13
3321,同泰,11.76
3322,建舜電,9.67
3323,加百裕,8.33
3324,雙鴻,8.4
3325,旭品,7.46
3332,幸康,4.81
3338,泰碩,8.65
3339,泰谷,9.62
3346,麗清,7.58
3354,律勝,7.01
3356,奇偶,8.99
3360,尚立,6.88
3362,先進光,11.15
3363,上詮,9.05
3372,典範,17.21
3373,熱映,4.33
3374,精材,27.17
3376,新日興,17.92
3379,彬台,3.8
3380,明泰,44.29
3388,崇越電,7.41
3390,旭軟,6.7
3402,漢科,7.3
3406,玉晶光,10.08
3413,京鼎,8.27
3416,融程電,6.02
3419,譁裕,12.05
3426,台興,2.64
3432,台端,6.66
3434,哲固,2.27
3437,榮創,14.45
3438,類比科,6.74
3441,聯一光,4.0
3443,創意,13.4
3444,利機,3.91
3450,聯鈞,14.57
3452,益通,31.95
3454,晶睿,8.7
3455,由田,6.15
3465,祥業,2.12
3466,致振,6.09
3479,安勤,7.02
3481,群創,995.21
3483,力致,5.7
3484,崧騰,6.97
3489,筌寶,8.31
3490,單井,5.7
3491,昇達科,6.01
3492,長盛,3.55
3494,誠研,17.95
3498,陽程,6.42
3499,環天科,5.5
3501,維熹,11.83
3504,揚明光,11.41
3508,位速,10.23
3511,矽瑪,5.0
3512,能緹,7.1
3515,華擎,12.07
3516,亞帝歐,5.19
3518,柏騰,8.08
3520,振維,3.88
3521,鴻翊,4.67
3522,御頂,7.26
3523,迎輝,6.81
3526,凡甲,6.43
3527,聚積,4.1
3528,安馳,6.56
3529,力旺,7.58
3530,晶相光,7.8
3531,先益,6.12
3532,台勝科,38.78
3533,嘉澤,10.35
3535,晶彩,7.91
3536,誠創,10.68
3537,堡達,4.87
3540,曜越,6.66
3541,西柏,4.93
3545,敦泰,29.94
3546,宇峻,4.17
3548,兆利,6.01
3550,聯穎,8.5
3551,世禾,5.68
3552,同致,8.56
3555,䳯鵬,3.56
3556,禾瑞亞,5.95
3557,嘉威,7.73
3558,神準,4.91
3562,頂晶科,7.81
3563,牧德,4.26
3564,其陽,5.91
3567,逸昌,3.41
3570,大塚,1.71
3576,新日光,213.99
3577,泓格,5.29
3580,友威科,3.95
3581,博磊,5.1
3583,辛耘,8.11
3587,閎康,6.23
3588,通嘉,4.69
3591,艾笛森,12.5
3593,力銘,6.3
3594,磐儀,6.42
3596,智易,20.86
3605,宏致,12.24
3607,谷崧,12.17
3609,東林,3.03
3611,鼎翰,4.24
3615,安可,6.85
3617,碩天,8.1
3622,洋華,15.13
3623,富晶通,2.93
3624,光頡,11.73
3625,西勝,8.21
3628,盈正,4.5
3629,卓韋,1.62
3630,新鉅科,18.5
3631,晟楠,7.99
3632,研勤,5.81
3642,駿熠電,3.44
3645,達邁,12.94
3646,艾恩特,3.93
3652,精聯,4.71
3653,健策,12.1
3661,世芯-KY,6.02
3663,鑫科,7.35
3664,安瑞-KY,5.11
3665,貿聯-KY,11.85
3666,光耀,4.83
3669,圓展,9.29
3672,康聯訊,3.32
3673,TPK-KY,40.67
3675,德微,4.44
3679,新至陞,6.23
3680,家登,7.06
3682,亞太電,429.82
3684,榮昌,2.46
3685,元創,8.0
3686,達能,34.96
3687,歐買尬,3.01
3689,湧德,6.97
3691,碩禾,6.1
3693,營邦,3.85
3694,海華,13.31
3698,隆達,43.64
3701,大眾控,19.03
3702,大聯大,167.91
3703,欣陸,82.32
3704,合勤控,44.12
3705,永信,26.64
3706,神達,107.73
3707,漢磊,28.15
3708,上緯投控,9.35
3709,鑫聯大投控,7.96
3710,連展投控,20.73
3711,日月光投控,432.38
4102,永日,4.24
4104,佳醫,12.81
4105,東洋,24.87
4106,雃博,8.34
4107,邦特,6.93
4108,懷特,16.36
4109,穆拉德,6.89
4111,濟生,5.7
4113,聯上,21.11
4114,健喬,23.0
4116,明基醫,4.46
4119,旭富,7.95
4120,友華,8.67
4121,優盛,7.33
4123,晟德,41.02
4126,太醫,6.6
4127,天良,4.58
4128,中天,42.53
4129,聯合骨,8.04
4130,健亞,10.58
4131,晶宇,4.83
4133,亞諾法,6.06
4137,麗豐-KY,7.95
4138,曜亞,3.0
4139,馬光-KY,4.2
4141,龍燈-KY,15.19
4142,國光生,36.24
4144,康聯-KY,7.71
4147,中裕,25.22
4148,全宇生技-KY,6.4
4152,台微體,7.42
4153,鈺緯,7.44
4154,康樂-KY,2.43
4155,訊映,7.54
4157,F*太景,71.68
4160,創源,2.42
4161,聿新科,5.27
4162,智擎,14.67
4163,鐿鈦,4.02
4164,承業生,14.04
4167,展旺,26.8
4168,醣聯,7.64
4171,瑞基,4.06
4173,久裕,4.46
4174,浩鼎,18.81
4175,杏一,3.01
4183,福永,2.38
4188,安克,5.3
4190,佐登-KY,6.09
4192,杏國,8.34
4198,環瑞醫,4.25
4205,中華食,8.07
4207,環泰,17.29
4303,信立,7.0
4304,勝昱,3.6
4305,世坤,5.5
4306,炎洲,57.18
4401,東隆興,12.03
4402,福大,4.6
4406,新昕,5.19
4413,飛寶,3.13
4414,如興,90.34
4415,台原藥,4.36
4416,三圓,6.0
4417,金洲,8.4
4419,元勝,3.26
4420,光明,4.05
4426,利勤,16.11
4429,聚紡,3.44
4430,耀億,5.63
4432,銘旺實,5.06
4433,興采,4.58
4438,廣越,10.34
4502,源恆,4.98
4503,金雨,3.93
4506,崇友,17.7
4510,高鋒,10.8
4513,福裕,7.69
4523,永彰,6.4
4526,東台,25.48
4527,方土霖,7.62
4528,江興,7.65
4529,淳紳,8.3
4530,宏易創新,4.62
4532,瑞智,50.6
4533,協易機,15.84
4534,慶騰,8.92
4535,至興,7.57
4536,拓凱,9.08
4538,大詠城,4.76
4540,全球傳動,9.67
4541,晟田,6.95
4542,科嶠,2.83
4543,萬在,5.7
4545,銘鈺,7.7
4549,桓達,4.24
4550,長佳,3.71
4551,智伸科,8.19
4552,力達-KY,11.6
4554,橙的,2.14
4555,氣立,6.69
4556,旭然,4.17
4557,永新-KY,3.98
4560,強信-KY,6.67
4561,健椿,5.85
4562,穎漢,6.75
4563,百德,4.5
4564,元翎,17.78
4566,時碩工業,6.67
4568,科際精密,3.03
4571,鈞興-KY,4.76
4572,駐龍,3.58
4576,大銀微系統,11.79
4609,唐鋒,4.79
4702,中美實,22.5
4706,大恭,7.9
4707,磐亞,28.66
4711,永純,6.11
4712,南璋,6.57
4714,永捷,10.28
4716,大立高,7.52
4720,德淵,8.86
4721,美琪瑪,7.5
4722,國精化,10.0
4725,信昌化,29.2
4726,永昕,12.8
4728,雙美,5.45
4729,熒茂,10.47
4735,豪展,3.34
4736,泰博,8.22
4737,華廣,5.95
4739,康普,9.3
4741,泓瀚,3.28
4743,合一,36.0
4744,皇將,4.68
4745,合富-KY,7.38
4746,台耀,9.9
4747,強生,3.0
4754,國碳科,1.88
4755,三福,9.07
4760,勤凱,2.95
4763,材料-KY,5.11
4764,雙鍵,7.68
4766,南寶,12.06
4767,誠泰科技,3.14
4803,VHQ-KY,3.94
4804,大略-KY,4.47
4806,昇華,4.2
4807,日成-KY,3.85
4903,聯光通,9.03
4904,遠傳,325.85
4905,台聯電,3.75
4906,正文,35.69
4907,富宇,11.81
4908,前鼎,7.82
4909,新復興,9.34
4911,德英,5.57
4912,聯德-KY,4.75
4915,致伸,44.68
4916,事欣科,8.23
4919,新唐,28.76
4924,欣厚-KY,3.72
4927,泰鼎-KY,18.88
4930,燦星網,13.43
4931,新盛力,6.2
4933,友輝,7.8
4934,太極,33.15
4935,茂林-KY,13.09
4938,和碩,261.14
4939,亞電,9.82
4942,嘉彰,14.24
4943,康控-KY,13.23
4944,兆遠,20.73
4946,辣椒,2.73
4947,昂寶-KY,5.6
4950,牧東,4.58
4952,凌通,10.88
4953,緯軟,6.64
4956,光鋐,10.04
4958,臻鼎-KY,90.22
4960,誠美材,66.57
4961,天鈺,16.27
4966,譜瑞-KY,7.99
4967,十銓,6.83
4968,立積,6.04
4971,英特磊IET-KY,3.65
4972,湯石,4.01
4973,廣穎,6.35
4974,亞泰,7.25
4976,佳凌,11.74
4977,眾達-KY,6.66
4979,華星光,10.55
4987,科誠,2.52
4989,榮科,15.31
4991,環宇-KY,9.08
4994,傳奇,11.06
4995,晶達,4.15
4999,鑫禾,7.44
5007,三星,29.49
5009,榮剛,46.67
5011,久陽,4.11
5013,強新,13.34
5014,建錩,16.53
5015,華祺,6.06
5016,松和,4.96
5102,富強,6.41
5201,凱衛,3.07
5202,力新,5.91
5203,訊連,8.39
5205,中茂,1.7
5206,經緯,14.85
5209,新鼎,2.35
5210,寶碩,6.37
5211,蒙恬,3.2
5212,凌網,3.46
5213,亞昕,34.62
5215,科嘉-KY,5.43
5220,萬達光電,3.97
5223,安力-KY,4.32
5225,東科-KY,6.15
5227,立凱-KY,24.16
5230,雷笛克,5.0
5234,達興,10.27
5243,乙盛-KY,16.85
5245,智晶,4.5
5251,天鉞電,3.56
5258,虹堡,8.95
5263,智崴,5.57
5264,鎧勝-KY,42.05
5269,祥碩,6.0
5272,笙科,5.64
5274,信驊,3.42
5276,達輝-KY,3.95
5278,尚凡,1.44
5281,大峽-KY,3.7
5283,禾聯碩,7.6
5284,JPP-KY,3.95
5285,界霖,8.61
5287,數字,4.26
5288,豐祥-KY,6.58
5289,宜鼎,7.97
5291,邑昇,3.66
5299,杰力,3.52
5301,寶得利,13.8
5302,太欣,16.24
5304,鼎創達,32.7
5305,敦南,31.25
5306,桂盟,12.6
5309,系統,15.12
5310,天剛,4.96
5312,寶島科,6.01
5314,世紀,6.0
5315,光聯,10.64
5321,友銓,2.88
5324,士開,10.64
5328,華容,17.27
5340,建榮,16.59
5344,立衛,7.94
5345,天揚,3.0
5347,世界,163.9
5348,系通,2.6
5349,先豐,22.41
5351,鈺創,43.52
5353,台林,7.5
5355,佳總,16.61
5356,協益,10.3
5364,力麗店,1.41
5371,中光電,43.44
5381,合正,18.02
5383,金利,4.94
5386,青雲,2.25
5388,中磊,24.57
5392,應華,16.66
5398,慕康生醫,5.0
5403,中菲,6.26
5410,國眾,8.59
5425,台半,24.27
5426,振發,14.38
5432,達威,2.07
5434,崇越,18.17
5438,東友,11.25
5439,高技,8.6
5443,均豪,16.51
5450,寶聯,12.24
5452,佶優,14.88
5455,昇益開發,6.55
5457,宣德,16.78
5464,霖宏,7.11
5465,富驊,16.41
5468,凱鈺,1.98
5469,瀚宇博,45.94
5471,松翰,16.79
5474,聰泰,3.37
5475,德宏,17.36
5478,智冠,12.75
5481,新華,7.47
5483,中美晶,58.62
5484,慧友,6.81
5487,通泰,2.3
5488,松普,9.16
5489,彩富,10.27
5490,同亨,9.47
5493,三聯,4.43
5498,凱崴,16.48
5508,永信建,21.74
5511,德昌,11.34
5512,力麒,74.4
5514,三豐,17.66
5515,建國,33.43
5516,雙喜,3.83
5519,隆大,19.44
5520,力泰,6.03
5521,工信,44.75
5522,遠雄建,80.63
5523,豐謙,15.5
5525,順天,24.5
5529,志嘉,12.43
5530,龍巖,42.01
5531,鄉林,98.25
5533,皇鼎,28.52
5534,長虹,29.03
5536,聖暉,5.42
5538,東明-KY,16.8
5543,崇佑-KY,3.57
5601,台聯,6.48
5603,陸海,7.83
5604,中連貨,10.88
5607,遠雄港,23.0
5608,四維航,27.93
5609,中菲行,12.6
5701,劍湖山,25.38
5703,亞都,7.02
5704,老爺知,3.89
5706,鳳凰,6.13
5820,日盛金,371.18
5864,致和證,23.75
5871,中租-KY,132.82
5876,上海商銀,448.16
5878,台名,2.5
5880,合庫金,1294.58
5902,德記,9.45
5903,全家,22.32
5904,寶雅,9.77
5905,南仁湖,18.98
5906,台南-KY,3.0
5907,大洋-KY,19.55
6005,群益證,232.09
6015,宏遠證,38.0
6016,康和證,62.37
6020,大展證,25.24
6021,大慶證,30.68
6023,元大期,23.23
6024,群益期,17.64
6026,福邦證,24.37
6101,弘捷,7.98
6103,合邦,5.71
6104,創惟,9.06
6108,競國,15.99
6109,亞元,5.74
6111,大宇資,4.93
6112,聚碩,12.24
6113,亞矽,5.0
6114,翔昇,4.39
6115,鎰勝,18.77
6116,彩晶,313.39
6117,迎廣,8.87
6118,建達,9.09
6120,達運,66.56
6121,新普,18.5
6122,擎邦,6.87
6123,上奇,5.9
6124,業強,18.25
6125,廣運,24.9
6126,信音,13.59
6127,九豪,10.81
6128,上福,12.76
6129,普誠,18.09
6130,基因,2.73
6131,悠克,10.19
6133,金橋,11.7
6134,萬旭,9.43
6136,富爾特,11.55
6138,茂達,7.31
6139,亞翔,22.55
6140,訊達,3.84
6141,柏承,13.0
6142,友勁,26.82
6143,振曜,8.3
6144,得利,7.31
6146,耕興,9.24
6147,頎邦,65.43
6148,驊宏資,4.7
6150,撼訊,3.33
6151,晉倫,5.53
6152,百一,16.77
6153,嘉聯益,41.37
6154,順發,8.01
6155,鈞寶,8.67
6156,松上,8.13
6158,禾昌,5.27
6160,欣技,6.85
6161,捷波,8.32
6163,華電網,12.29
6164,華興,10.0
6165,捷泰,4.97
6166,凌華,21.75
6167,久正,16.22
6168,宏齊,20.61
6169,昱泉,2.34
6170,統振,8.97
6171,亞銳士,7.54
6172,互億,3.0
6173,信昌電,17.2
6174,安碁,5.0
6175,立敦,13.64
6176,瑞儀,46.5
6177,達麗,25.69
6179,亞通,7.41
6180,橘子,17.55
6182,合晶,51.09
6183,關貿,15.0
6184,大豐電,15.82
6185,幃翔,14.99
6186,新潤,10.0
6187,萬潤,8.33
6188,廣明,27.84
6189,豐藝,17.9
6190,萬泰科,14.04
6191,精成,51.55
6192,巨路,10.68
6194,育富,6.0
6195,詩肯,4.61
6196,帆宣,18.58
6197,佳必琪,12.21
6198,凌泰,2.01
6199,精威,6.18
6201,亞弘電,8.92
6202,盛群,22.62
6203,海韻電,8.0
6204,艾華,2.31
6205,詮欣,7.18
6206,飛捷,14.31
6207,雷科,8.4
6208,日揚,9.9
6209,今國,16.31
6210,慶生,3.5
6212,理銘,10.2
6213,聯茂,30.3
6214,精誠,26.94
6215,和椿,8.28
6216,居易,8.43
6217,中探針,6.42
6218,豪勉,6.43
6219,富旺,15.4
6220,岳豐,12.46
6221,晉泰,4.49
6222,上揚,4.88
6223,旺矽,7.99
6224,聚鼎,8.0
6225,天瀚,5.05
6226,光鼎,11.5
6227,茂綸,7.61
6228,全譜,2.8
6229,研通,3.61
6230,超眾,8.63
6231,系微,3.8
6233,旺玖,8.24
6234,高僑,9.29
6235,華孚,16.83
6236,康呈生,3.17
6237,驊訊,7.91
6238,勝麗,5.74
6239,力成,77.91
6240,松崗,2.31
6241,易通展,2.37
6242,立康,2.22
6243,迅杰,7.5
6244,茂迪,54.05
6245,立端,11.8
6246,臺龍,3.08
6247,淇譽電,6.03
6248,沛波,3.07
6251,定穎,28.11
6257,矽格,41.57
6259,百徽,11.13
6261,久元,12.85
6263,普萊德,6.25
6264,富裔,11.64
6265,方土昶,11.82
6266,泰詠,9.89
6269,台郡,32.41
6270,倍微,7.21
6271,同欣電,16.54
6274,台燿,25.58
6275,元山,6.98
6276,名鐘,3.25
6277,宏正,11.95
6278,台表科,29.24
6279,胡連,9.72
6281,全國電,9.92
6282,康舒,51.66
6283,淳安,13.41
6284,佳邦,14.76
6285,啟碁,39.03
6287,元隆,43.81
6288,聯嘉,17.11
6289,華上,26.93
6290,良維,14.3
6291,沛亨,2.7
6292,迅德,4.69
6294,智基,2.34
6404,通訊-KY,3.74
6405,悅城,6.58
6409,旭隼,8.33
6411,晶焱,7.94
6412,群電,38.67
6414,樺漢,8.36
6415,矽力-KY,9.07
6416,瑞祺電通,6.8
6417,韋僑,3.56
6418,詠昇,3.45
6419,京晨科,2.78
6425,易發,4.25
6426,統新,3.35
6431,光麗-KY,4.56
6432,今展科,2.2
6435,大中,3.31
6438,迅得,5.78
6441,廣錠,3.08
6442,光聖,6.93
6443,元晶,37.9
6446,藥華藥,21.94
6449,鈺邦,8.44
6451,訊芯-KY,10.54
6452,康友-KY,7.8
6456,GIS-KY,33.94
6457,紘康,2.92
6461,益得,8.05
6462,神盾,7.12
6464,台數科,12.28
6465,威潤,3.3
6469,大樹,4.17
6470,宇智,3.27
6472,保瑞,3.9
6477,安集,9.45
6482,弘煜科,1.71
6485,點序,3.94
6486,互動,3.69
6488,環球晶,43.73
6491,晶碩,7.0
6492,生華科,7.45
6494,九齊,3.16
6496,科懋,4.67
6497,亞獅康-KY,16.02
6499,益安,6.65
6504,南六,7.26
6505,台塑化,952.6
6506,雙邦,8.24
6508,惠光,8.48
6509,聚和,17.61
6510,精測,3.28
6512,啟發電,2.5
6514,芮特-KY,3.0
6516,勤崴國際,3.51
6523,達爾膚,4.5
6525,捷敏-KY,12.9
6530,創威,3.38
6531,愛普,7.38
6532,瑞耘,3.16
6533,晶心科,4.27
6535,順藥,11.75
6538,倉和,3.03
6541,泰福-KY,24.4
6542,隆中,4.2
6547,高端疫苗,15.6
6548,長華科,36413.1
6552,易華電,10.0
6556,勝品,2.88
6558,興能高,8.67
6560,欣普羅,1.75
6561,是方,6.93
6568,宏觀,2.51
6569,醫揚,2.2
6570,維田,2.71
6573,虹揚-KY,6.75
6574,霈方,2.2
6576,逸達,10.03
6577,勁豐,3.83
6578,達邦蛋白,2.92
6579,研揚,14.85
6581,鋼聯,11.13
6582,申豐,10.49
6589,台康生技,16.95
6590,普鴻,1.82
6591,動力-KY,2.62
6593,台灣銘板,2.02
6594,展匯科,2.07
6596,寬宏藝術,2.78
6603,富強鑫,14.73
6605,帝寶,16.58
6609,瀧澤,7.25
6612,奈米醫材,3.37
6613,朋億,3.39
6615,慧智,2.12
6616,特昇-KY,2.36
6624,萬年清,1.8
6625,必應,3.73
6629,泰金-KY,3.35
6640,均華,2.83
6641,基士德-KY,3.4
6642,富致,3.14
6643,M31,3.13
6649,台生材,3.3
6654,天正國際,3.31
6655,科定,7.56
6662,樂斯科,2.56
6666,羅麗芬-KY,4.74
6667,信紘科,3.49
6668,中揚光,6.84
6669,緯穎,17.45
6670,復盛應用,13.1
6671,三能-KY,6.08
6672,騰輝電子-KY,7.07
6674,鋐寶科技,6.68
6679,鈺太,4.13
6680,鑫創電子,1.75
6683,雍智科技,2.71
6803,崑鼎,6.71
7402,邑錡,2.28
8011,台通,11.86
8016,矽創,12.02
8021,尖點,14.22
8024,佑華微,4.52
8027,鈦昇,8.15
8028,昇陽半導體,13.24
8032,光菱,5.18
8033,雷虎,10.94
8034,榮群,6.29
8038,長園科,5.98
8039,台虹,20.91
8040,九暘,6.7
8042,金山電,12.2
8043,蜜望實,7.99
8044,網家,11.72
8046,南電,64.62
8047,星雲,4.17
8048,德勝,5.33
8049,晶采,11.83
8050,廣積,17.65
8054,安國,7.52
8059,凱碩,8.61
8064,東捷,16.48
8066,來思達,3.02
8067,志旭,3.0
8068,全達,6.87
8069,元太,114.05
8070,長華,6.39
8071,能率網通,5.19
8072,陞泰,8.0
8074,鉅橡,8.64
8076,伍豐,25.92
8077,洛碁,10.97
8080,奧斯特,6.6
8081,致新,8.62
8083,瑞穎,3.51
8084,巨虹,6.71
8085,福華,15.73
8086,宏捷科,14.47
8087,華鎂鑫,2.99
8088,品安,6.09
8091,翔名,4.47
8092,建暐,3.89
8093,保銳,6.42
8096,擎亞,13.96
8097,常珵,2.67
8099,大世科,7.06
8101,華冠,20.81
8103,瀚荃,8.14
8104,錸寶,6.76
8105,凌巨,44.15
8107,大億金茂,7.5
8109,博大,7.26
8110,華東,50.64
8111,立碁,11.41
8112,至上,37.85
8114,振樺電,7.49
8121,越峰,18.3
8131,福懋科,44.22
8147,正淩,3.03
8150,南茂,72.72
8155,博智,4.98
8163,達方,28.0
8171,天宇,5.07
8176,智捷,7.25
8182,加高,10.7
8183,精星,12.13
8201,無敵,6.24
8210,勤誠,11.97
8213,志超,27.12
8215,明基材,32.07
8222,寶一,6.85
8234,新漢,14.12
8240,華宏,10.0
8249,菱光,12.71
8255,朋程,9.09
8261,富鼎,8.13
8271,宇瞻,10.09
8277,商丞,9.16
8279,生展,2.71
8287,英格爾,14.56
8289,泰藝電,6.83
8291,尚茂,7.6
8299,群聯,19.71
8341,日友,11.15
8342,益張,3.35
8349,恒耀,11.64
8354,冠郝,7.85
8358,金居,25.26
8367,建新國際,8.11
8374,羅昇,8.92
8383,千附,11.82
8390,金益鼎,9.64
8401,白紗科,6.27
8403,盛弘,10.23
8404,百和興業-KY,31.52
8406,金可-KY,9.25
8409,商之器,2.8
8410,森田,3.66
8411,福貞-KY,17.54
8415,大國鋼,103.15
8416,實威,2.82
8418,捷必勝-KY,7.6
8420,明揚,5.1
8421,旭源,5.48
8422,可寧衛,10.89
8423,保綠-KY,2.21
8424,惠普,3.61
8426,紅木-KY,5.02
8427,基勝-KY,10.43
8429,金麗-KY,18.57
8431,匯鑽科,4.45
8432,東生華,3.84
8433,弘帆,5.26
8435,鉅邁,3.17
8436,大江,11.87
8437,大地-KY,4.79
8440,綠電,3.8
8442,威宏-KY,5.0
8443,阿瘦,6.68
8444,綠河-KY,7.38
8446,華研,5.29
8450,霹靂,5.13
8454,富邦媒,14.01
8455,大拓-KY,2.52
8462,柏文,6.82
8463,潤泰材,15.0
8464,億豐,29.3
8466,美吉吉-KY,6.61
8467,波力-KY,4.95
8472,夠麻吉,1.83
8473,山林水,13.48
8476,台境,4.05
8477,創業家,2.5
8478,東哥遊艇,9.09
8480,泰昇-KY,3.93
8481,政伸,6.66
8482,商億-KY,11.11
8488,吉源-KY,6.75
8489,三貝德,3.78
8497,聯廣,3.65
8499,鼎炫-KY,5.13
8905,裕國,11.94
8906,花王,3.4
8908,欣雄,18.03
8913,全銓,6.93
8916,光隆,12.3
8917,欣泰,12.22
8921,沈氏,4.66
8923,時報,3.04
8924,大田,8.38
8926,台汽電,58.9
8927,北基,19.18
8928,鉅明,5.09
8929,富堡,5.06
8930,青鋼,7.96
8931,大汽電,12.23
8932,宏大,4.88
8933,愛地雅,22.04
8934,衡平,0.85
8935,邦泰,8.43
8936,國統,24.92
8937,合騏,7.25
8938,明安,13.53
8940,新天地,6.75
8941,關中,2.51
8942,森鉅,16.58
8996,高力,8.94
9103,美德醫,0.1
910322,康師傅,0.26
9105,泰金寶,8.39
911608,明輝,0.0
911616,杜康,1.3
911622,泰聚亨,0.3
9136,巨騰-DR,1.32
9802,鈺齊-KY,16.22
9902,台火,9.8
9904,寶成,294.68
9905,大華金,30.5
9906,欣巴巴,8.33
9907,統一實,157.91
9908,大台北,51.64
9910,豐泰,73.47
9911,櫻花,22.11
9912,偉聯,5.44
9914,美利達,29.9
9917,中興保,45.12
9918,欣天然,18.05
9919,康那香,19.54
9921,巨大,37.51
9924,福興,18.85
9925,新保,38.37
9926,新海瓦,17.95
9927,泰銘,20.91
9928,中視,15.07
9929,秋雨,9.58
9930,中聯資,24.85
9931,欣高,10.23
9933,中鼎,76.33
9934,成霖,35.67
9935,慶豐富,16.96
9937,全國油,30.9
9938,百和,29.8
9939,宏全,29.29
9940,信義,73.68
9941,裕融,30.21
9942,茂順,8.32
9943,好樂迪,14.73
9944,新麗,10.91
9945,潤泰新,100.33
9946,三發,30.08
9949,琉園,4.7
9950,萬國通,14.77
9951,皇田,7.49
9955,佳龍,10.32
9958,世紀鋼,20.93
9960,邁達康,3.36
9962,有益,9.02
